user count,uses
1,250
6,249
1,248
7,247
3,246
2,245
5,244
5,243
5,242
5,241
12,240
5,239
1,238
6,237
2,236
10,235
7,234
1,233
4,232
5,231
3,230
7,229
9,228
3,227
1,226
6,225
3,224
4,223
1,222
6,221
6,220
1,219
1,218
3,217
3,216
5,215
1,214
4,213
3,212
1,211
7,210
2,209
7,208
4,207
8,206
1,205
3,204
1,203
7,202
1,201
2,200
11,199
5,198
5,197
4,196
3,195
2,194
5,193
2,192
4,191
2,190
5,189
1,188
4,187
4,186
7,185
5,184
2,183
4,182
4,181
5,180
9,179
1,178
4,177
4,176
3,175
4,174
1,173
1,172
3,171
4,170
7,168
5,167
3,166
4,165
6,164
7,163
5,162
4,161
8,160
4,159
5,158
3,157
6,156
10,155
1,154
3,153
9,152
1,151
9,150
7,149
4,148
6,147
3,146
4,145
2,144
6,143
4,142
4,141
5,140
1,139
3,138
2,137
2,136
2,135
2,134
5,133
3,132
4,131
1,130
3,129
3,128
3,127
3,126
3,124
10,123
4,122
2,121
11,120
6,119
5,118
1,117
2,116
2,115
3,114
6,113
1,112
2,111
3,110
3,109
4,108
4,107
6,106
6,105
4,104
3,103
7,102
2,101
8,100
5,99
1,98
5,97
7,96
3,94
2,93
1,92
3,91
4,89
3,88
5,87
7,86
5,85
6,84
4,83
3,82
3,81
4,80
2,79
6,78
7,77
1,76
7,75
2,74
4,73
1,72
4,71
6,70
2,69
3,68
6,67
2,66
5,65
6,64
4,63
4,62
3,61
5,60
5,59
4,58
4,57
6,56
2,55
3,54
2,53
6,52
4,51
5,50
5,49
4,48
2,47
3,46
4,45
1,44
3,43
6,42
2,41
2,40
4,39
3,38
5,37
4,36
3,35
7,34
8,33
4,32
2,31
7,30
4,29
3,28
4,27
2,26
4,25
6,24
5,23
5,22
6,21
2,20
1,19
3,18
1,17
4,16
6,15
4,14
4,13
2,12
5,10
3,9
5,8
5,7
5,6
6,5
5,4
6,3
6,2
2,1